{
  "controller/App-dbg.controller.js": 1683110694969,
  "controller/App.controller.js": 1683110694969,
  "model/models.js": 1683040776525,
  "utils/locate-reuse-libs.js": 1683040775703,
  "controller/MyView.controller.js": 1683606096764,
  "controller/InitPage.js": 1683255820368,
  "manifest.json": 1683606140610,
  "Component.js": 1683040771774,
  "Component-preload.js": 1683606141113,
  "model/models-dbg.js": 1683040776525,
  "utils/locate-reuse-libs-dbg.js": 1683040775703,
  "controller/MyView-dbg.controller.js": 1683606096764,
  "controller/InitPage-dbg.js": 1683255820368,
  "i18n/i18n.properties": 1683255783177,
  "Component-dbg.js": 1683040771774,
  "view/MyView.view.xml": 1683547768023,
  "view/App.view.xml": 1683110837461,
  "css/style.css": 1683040775484,
  "index.html": 1683040771492
}